timestamp,city,temperature,description
2026-03-17T14:37:06.801Z,Tokyo,10.64,broken clouds
2026-05-12T10:33:33.515Z,Ankara,23.51,overcast clouds
2026-05-12T10:56:19.913Z,Ankara,23.01,overcast clouds
2026-05-12T11:36:03.150Z,undefined,23.4,overcast clouds
2026-05-12T11:49:21.643Z,undefined,23.4,overcast clouds
2026-05-12T12:13:14.834Z,undefined,23.89,overcast clouds
2026-05-12T14:35:25.402Z,undefined,23.4,scattered clouds
2026-05-12T18:03:58.581Z,undefined,17.35,broken clouds
2026-05-12T21:23:14.980Z,undefined,15.11,scattered clouds
2026-05-12T23:06:10.763Z,undefined,14.01,scattered clouds
2026-05-13T03:50:31.010Z,undefined,13.45,scattered clouds
2026-05-13T06:51:23.345Z,undefined,19,few clouds
2026-05-13T10:34:26.082Z,undefined,20.47,scattered clouds
2026-05-13T14:45:31.647Z,undefined,22.9,broken clouds
2026-05-13T18:05:14.346Z,undefined,16.8,broken clouds
2026-05-13T21:28:11.594Z,undefined,16,scattered clouds
2026-05-13T23:08:25.396Z,undefined,12.91,broken clouds
2026-05-14T03:50:12.158Z,undefined,13.95,broken clouds
2026-05-14T06:48:58.207Z,undefined,19.24,few clouds
2026-05-14T10:24:19.289Z,undefined,22.95,scattered clouds
2026-05-14T14:25:39.485Z,undefined,15,moderate rain
2026-05-14T17:57:53.509Z,undefined,12.72,overcast clouds
2026-05-14T19:57:44.091Z,undefined,12.23,overcast clouds
2026-05-14T21:18:01.346Z,undefined,12.23,overcast clouds
2026-05-14T23:01:03.224Z,undefined,10.62,light rain
2026-05-15T03:53:41.348Z,undefined,10.06,overcast clouds
2026-05-15T07:28:04.833Z,undefined,11.41,overcast clouds
2026-05-15T10:29:44.060Z,undefined,14.8,overcast clouds
2026-05-15T14:23:29.256Z,undefined,16.84,scattered clouds
2026-05-15T17:44:25.814Z,undefined,14.45,broken clouds
2026-05-15T19:45:03.213Z,undefined,12.66,overcast clouds
2026-05-15T21:08:54.504Z,undefined,11,overcast clouds
2026-05-15T22:59:31.963Z,undefined,7.36,overcast clouds
2026-05-16T03:35:33.954Z,undefined,8.45,clear sky
2026-05-16T06:25:23.857Z,undefined,12.89,clear sky
2026-05-16T09:44:55.213Z,undefined,17.9,clear sky
2026-05-16T11:05:24.785Z,undefined,19.12,clear sky
2026-05-16T13:42:09.240Z,undefined,21.29,clear sky
2026-05-16T15:00:43.298Z,undefined,21.12,clear sky
2026-05-16T17:03:27.455Z,undefined,16.25,clear sky
2026-05-16T19:11:54.172Z,undefined,14.02,overcast clouds
2026-05-16T20:55:20.800Z,undefined,16.78,overcast clouds
2026-05-16T22:53:06.511Z,undefined,16.23,overcast clouds
2026-05-17T03:54:11.359Z,undefined,13.45,broken clouds
2026-05-17T06:48:47.889Z,undefined,16.67,few clouds
2026-05-17T09:50:44.186Z,undefined,17.89,broken clouds
2026-05-17T11:12:33.789Z,undefined,18.51,broken clouds
2026-05-17T13:41:16.650Z,undefined,14.57,few clouds
2026-05-17T15:01:06.181Z,undefined,13.95,scattered clouds
2026-05-17T17:01:53.255Z,undefined,13.89,few clouds
2026-05-17T19:15:42.811Z,undefined,12.17,clear sky
2026-05-17T20:59:02.634Z,undefined,11.61,scattered clouds
2026-05-17T22:56:33.859Z,undefined,11.23,scattered clouds
2026-05-18T04:06:44.134Z,undefined,10.06,few clouds
2026-05-18T10:14:24.247Z,undefined,14.12,overcast clouds
2026-05-18T15:42:23.261Z,undefined,15.62,overcast clouds
2026-05-18T18:04:23.998Z,undefined,13.51,overcast clouds
2026-05-18T21:16:28.137Z,undefined,11.67,clear sky
2026-05-18T23:06:43.938Z,undefined,8.47,clear sky
2026-05-19T04:00:00.638Z,undefined,11,clear sky
2026-05-19T07:55:05.362Z,undefined,16.18,broken clouds
2026-05-19T11:25:32.084Z,undefined,18.46,scattered clouds
2026-05-19T15:36:04.889Z,undefined,18.51,broken clouds
2026-05-19T18:09:30.026Z,undefined,16.55,overcast clouds
2026-05-19T21:24:03.384Z,undefined,14.94,overcast clouds
2026-05-19T23:08:25.454Z,undefined,14.39,overcast clouds
2026-05-20T04:00:58.456Z,undefined,13.46,overcast clouds
2026-05-20T09:43:08.451Z,undefined,18.46,overcast clouds
2026-05-20T12:28:33.562Z,undefined,14.02,overcast clouds
2026-05-20T16:56:08.563Z,undefined,12.72,overcast clouds
2026-05-20T20:23:26.332Z,undefined,12.17,overcast clouds
2026-05-20T23:16:12.181Z,undefined,11.55,overcast clouds
2026-05-21T04:10:15.791Z,undefined,11.06,overcast clouds
2026-05-21T09:51:39.902Z,undefined,15.91,scattered clouds
2026-05-21T12:47:55.175Z,undefined,19.01,overcast clouds
2026-05-21T16:40:53.956Z,undefined,16.78,overcast clouds
2026-05-21T19:59:29.838Z,undefined,14.28,broken clouds
2026-05-21T21:45:04.617Z,undefined,13.22,scattered clouds
2026-05-21T23:06:19.065Z,undefined,10.69,scattered clouds
2026-05-22T04:04:39.884Z,undefined,12.84,few clouds
2026-05-22T09:36:52.397Z,undefined,18.46,broken clouds
2026-05-22T12:25:10.269Z,undefined,18.47,broken clouds
2026-05-22T16:28:55.518Z,undefined,18.89,overcast clouds
2026-05-22T19:54:06.896Z,undefined,16.12,broken clouds
2026-05-22T21:16:11.459Z,undefined,14.94,broken clouds
2026-05-22T23:06:20.817Z,undefined,14.28,broken clouds
2026-05-23T03:41:53.221Z,undefined,13.89,overcast clouds
2026-05-23T06:36:58.577Z,undefined,16.12,overcast clouds
2026-05-23T09:58:05.491Z,undefined,17.46,overcast clouds
2026-05-23T11:21:25.499Z,undefined,18.4,overcast clouds
2026-05-23T13:45:49.459Z,undefined,16.41,overcast clouds
2026-05-23T15:05:01.790Z,undefined,14.58,overcast clouds
2026-05-23T17:06:21.899Z,undefined,13.95,light rain
2026-05-23T19:17:53.881Z,undefined,13.89,overcast clouds
2026-05-23T20:58:46.675Z,undefined,13.34,overcast clouds
2026-05-23T22:56:37.324Z,undefined,12.35,overcast clouds
2026-05-24T04:03:48.604Z,undefined,12.84,overcast clouds
2026-05-24T08:35:16.579Z,undefined,17.46,overcast clouds
2026-05-24T11:19:31.708Z,undefined,17.51,overcast clouds
2026-05-24T13:45:15.412Z,undefined,18.51,overcast clouds
2026-05-24T15:09:13.514Z,undefined,16.78,overcast clouds
2026-05-24T17:09:07.607Z,undefined,15.95,broken clouds
2026-05-24T19:23:17.205Z,undefined,14.28,clear sky
2026-05-24T21:02:18.913Z,undefined,13.22,clear sky
2026-05-24T23:01:03.734Z,undefined,13.28,clear sky
2026-05-25T04:15:14.422Z,undefined,13.4,overcast clouds
2026-05-25T10:18:58.885Z,undefined,19.51,broken clouds
2026-05-25T15:17:56.601Z,undefined,17.89,overcast clouds
2026-05-25T17:47:23.015Z,undefined,16.78,broken clouds
2026-05-25T19:48:04.883Z,undefined,15.11,scattered clouds
2026-05-25T21:15:10.102Z,undefined,15.11,scattered clouds
2026-05-25T23:10:07.953Z,undefined,13.45,scattered clouds
2026-05-26T04:00:43.073Z,undefined,12.34,scattered clouds
2026-05-26T10:04:42.973Z,undefined,20.44,few clouds
2026-05-26T15:51:49.148Z,undefined,21.23,broken clouds
2026-05-26T18:31:31.563Z,undefined,18.47,broken clouds
2026-05-26T21:48:45.655Z,undefined,15.67,few clouds
2026-05-26T23:13:15.907Z,undefined,15.11,few clouds
2026-05-27T04:14:34.035Z,undefined,14,clear sky
2026-05-27T10:02:58.973Z,undefined,24,few clouds
2026-05-27T15:56:26.055Z,undefined,23.51,scattered clouds
2026-05-27T18:30:41.712Z,undefined,20.95,scattered clouds
2026-05-27T22:00:25.329Z,undefined,18.45,clear sky
2026-05-28T04:02:56.683Z,undefined,15.67,scattered clouds
2026-05-28T10:12:27.803Z,undefined,21.78,broken clouds
2026-05-28T16:10:29.674Z,undefined,16.47,light rain
2026-05-28T20:29:52.736Z,undefined,14,overcast clouds
2026-05-28T23:21:31.466Z,undefined,14,broken clouds
2026-05-29T04:04:42.446Z,undefined,14,clear sky
2026-05-29T10:01:57.293Z,undefined,15.97,broken clouds
2026-05-29T15:51:30.110Z,undefined,14,broken clouds
2026-05-29T18:37:25.957Z,undefined,11.23,clear sky
2026-05-29T21:55:25.060Z,undefined,9,clear sky
2026-05-29T23:18:00.414Z,undefined,8.45,clear sky
2026-05-30T03:51:58.865Z,undefined,7.34,clear sky
2026-05-30T06:50:28.242Z,undefined,11.78,clear sky
2026-05-30T10:04:30.094Z,undefined,15.85,clear sky
2026-05-30T13:49:08.336Z,undefined,17.89,clear sky
2026-05-30T15:13:08.938Z,undefined,18.57,clear sky
2026-05-30T17:13:41.646Z,undefined,16.24,clear sky
2026-05-30T19:24:07.486Z,undefined,12.91,clear sky
2026-05-30T21:04:23.413Z,undefined,12.51,clear sky
2026-05-30T23:02:48.313Z,undefined,13.22,scattered clouds
2026-05-31T04:16:40.358Z,undefined,11.55,clear sky
2026-05-31T08:52:45.825Z,undefined,19.12,clear sky
2026-05-31T11:42:10.961Z,undefined,21.29,few clouds
2026-05-31T13:54:53.318Z,undefined,20.91,broken clouds
2026-05-31T15:19:43.153Z,undefined,21.84,scattered clouds
2026-05-31T17:12:23.673Z,undefined,19.02,scattered clouds
2026-05-31T19:23:25.497Z,undefined,17.49,scattered clouds
2026-05-31T21:04:58.468Z,undefined,13.47,scattered clouds
2026-05-31T23:04:40.062Z,undefined,16.78,broken clouds
2026-06-01T04:44:50.423Z,undefined,16.06,broken clouds
2026-06-01T11:45:03.062Z,undefined,22.89,scattered clouds
2026-06-01T17:50:57.447Z,undefined,18.51,scattered clouds
2026-06-01T21:38:12.066Z,undefined,14.58,few clouds
2026-06-01T23:38:21.582Z,undefined,16.23,scattered clouds
2026-06-02T04:24:12.106Z,undefined,15.67,broken clouds
2026-06-02T10:44:44.910Z,undefined,24.56,few clouds
2026-06-02T16:42:19.786Z,undefined,22.91,scattered clouds
2026-06-02T20:55:09.241Z,undefined,20.11,broken clouds
2026-06-02T23:50:19.367Z,undefined,15.67,broken clouds
2026-06-03T04:43:34.096Z,undefined,16.8,few clouds
2026-06-03T11:09:12.989Z,undefined,24.56,scattered clouds
2026-06-03T16:58:27.947Z,undefined,18.64,few clouds
2026-06-03T21:20:27.701Z,undefined,19,broken clouds
2026-06-03T23:48:21.956Z,undefined,17.89,scattered clouds
2026-06-04T04:38:15.277Z,undefined,17.89,clear sky
2026-06-04T10:02:55.088Z,undefined,25.11,clear sky
2026-06-04T15:24:57.072Z,undefined,25.67,broken clouds
2026-06-04T18:23:08.292Z,undefined,20.69,scattered clouds
2026-06-04T21:44:47.198Z,undefined,20.11,broken clouds
2026-06-04T23:12:36.655Z,undefined,18.45,light rain
2026-06-05T04:11:53.921Z,undefined,17.34,overcast clouds
2026-06-05T10:00:23.852Z,undefined,27.34,scattered clouds
2026-06-05T15:14:14.807Z,undefined,22.34,overcast clouds
2026-06-05T17:59:17.350Z,undefined,18.45,light rain
2026-06-05T20:05:34.531Z,undefined,17.34,overcast clouds
2026-06-05T23:14:20.605Z,undefined,16.23,broken clouds
2026-06-06T03:55:15.340Z,undefined,15.67,scattered clouds
2026-06-06T06:56:28.290Z,undefined,22.34,clear sky
2026-06-06T10:09:19.058Z,undefined,25.67,clear sky
2026-06-06T13:53:17.312Z,undefined,25.67,scattered clouds
2026-06-06T15:19:29.139Z,undefined,23.47,broken clouds
2026-06-06T17:18:58.441Z,undefined,22.34,broken clouds
2026-06-06T19:38:40.863Z,undefined,21.23,few clouds
2026-06-06T21:08:47.865Z,undefined,19.56,few clouds
2026-06-06T23:08:09.224Z,undefined,19,clear sky
2026-06-07T04:21:35.842Z,undefined,17.34,scattered clouds
2026-06-07T09:21:36.115Z,undefined,25.11,clear sky
2026-06-07T11:51:41.596Z,undefined,27.89,clear sky
2026-06-07T14:03:46.138Z,undefined,27.89,clear sky
2026-06-07T17:23:00.391Z,undefined,25.11,scattered clouds
2026-06-07T19:39:12.196Z,undefined,22.34,broken clouds
2026-06-07T21:18:06.136Z,undefined,21.23,broken clouds
2026-06-07T23:10:18.641Z,undefined,19.56,scattered clouds
2026-06-08T04:25:46.910Z,undefined,17.89,clear sky
2026-06-08T11:05:44.528Z,undefined,26.23,clear sky
2026-06-08T16:01:48.520Z,undefined,25.11,scattered clouds
2026-06-08T20:24:21.230Z,undefined,20.67,clear sky
2026-06-08T23:14:49.437Z,undefined,18.45,clear sky
2026-06-09T03:57:43.377Z,undefined,16.78,clear sky
2026-06-09T07:57:27.753Z,undefined,23.45,overcast clouds
2026-06-09T11:25:42.482Z,undefined,26.23,overcast clouds
2026-06-09T15:14:28.228Z,undefined,25.67,overcast clouds
2026-06-09T18:11:13.850Z,undefined,20.11,overcast clouds
2026-06-09T21:50:14.140Z,undefined,16.78,overcast clouds
2026-06-09T23:19:34.573Z,undefined,16.23,overcast clouds
2026-06-10T04:09:30.759Z,undefined,15.67,overcast clouds
2026-06-10T10:10:47.400Z,undefined,18,overcast clouds
2026-06-10T15:48:42.781Z,undefined,21.78,few clouds
2026-06-10T18:33:48.458Z,undefined,19.56,clear sky
2026-06-10T22:07:23.883Z,undefined,17.34,few clouds
2026-06-11T04:22:19.425Z,undefined,16.23,clear sky
2026-06-11T10:44:49.171Z,undefined,25.11,clear sky
2026-06-11T16:10:55.617Z,undefined,24.02,broken clouds
2026-06-11T20:27:12.261Z,undefined,21.23,few clouds
2026-06-11T23:28:10.611Z,undefined,18.45,clear sky
2026-06-12T04:24:56.038Z,undefined,18.45,clear sky
2026-06-12T10:21:00.612Z,undefined,26.78,clear sky
2026-06-12T15:25:40.467Z,undefined,28.45,clear sky
2026-06-12T18:10:49.968Z,undefined,21.25,clear sky
2026-06-12T21:51:43.166Z,undefined,21.23,broken clouds
2026-06-12T23:21:38.602Z,undefined,20.11,broken clouds
2026-06-13T04:13:39.351Z,undefined,16.78,overcast clouds
2026-06-13T09:22:56.988Z,undefined,22.89,overcast clouds
2026-06-13T11:56:30.424Z,undefined,22.34,overcast clouds
2026-06-13T14:19:02.703Z,undefined,20.73,light rain
2026-06-13T17:27:01.446Z,undefined,16.23,broken clouds
2026-06-13T19:42:52.462Z,undefined,16.23,overcast clouds
2026-06-13T21:20:40.130Z,undefined,15.67,overcast clouds
2026-06-13T23:10:34.956Z,undefined,15.11,overcast clouds
2026-06-14T04:40:51.280Z,undefined,14.56,overcast clouds
2026-06-14T09:42:36.227Z,undefined,20.67,scattered clouds
2026-06-14T12:01:13.531Z,undefined,20.11,scattered clouds
2026-06-14T15:49:54.842Z,undefined,21.78,overcast clouds
2026-06-14T17:23:32.517Z,undefined,20.67,overcast clouds
2026-06-14T19:42:50.796Z,undefined,17.34,overcast clouds
2026-06-14T21:17:55.790Z,undefined,16.23,overcast clouds
2026-06-14T23:12:29.175Z,undefined,15.67,broken clouds
2026-06-15T04:54:21.276Z,undefined,14.56,clear sky
2026-06-15T12:26:03.457Z,undefined,25.11,clear sky
2026-06-15T18:42:24.050Z,undefined,17.91,clear sky
2026-06-15T22:22:30.742Z,undefined,14.58,light rain
2026-06-16T04:51:29.163Z,undefined,18.45,clear sky
2026-06-16T11:20:24.893Z,undefined,27.89,clear sky
2026-06-16T17:03:28.509Z,undefined,25.25,few clouds
2026-06-16T20:57:35.663Z,undefined,17.91,scattered clouds
2026-06-16T23:26:02.990Z,undefined,20.11,few clouds
2026-06-17T04:41:28.870Z,undefined,19,clear sky
2026-06-17T11:05:08.179Z,undefined,29.56,clear sky
2026-06-17T15:49:18.465Z,undefined,29.56,broken clouds
2026-06-17T18:24:19.688Z,undefined,20.69,broken clouds
2026-06-17T22:03:51.824Z,undefined,19.58,scattered clouds
2026-06-18T04:24:33.194Z,undefined,19.56,broken clouds
2026-06-18T10:26:42.285Z,undefined,28.45,scattered clouds
2026-06-18T15:36:25.821Z,undefined,16.11,overcast clouds
2026-06-18T18:28:19.900Z,undefined,17.91,overcast clouds
2026-06-18T22:16:43.489Z,undefined,16.78,light rain
2026-06-19T04:52:00.243Z,undefined,15.11,light rain
2026-06-19T10:44:56.126Z,undefined,19.56,overcast clouds
2026-06-19T15:29:38.753Z,undefined,18.45,broken clouds
2026-06-19T18:02:19.330Z,undefined,16.23,scattered clouds
2026-06-19T21:12:36.029Z,undefined,16.78,few clouds
2026-06-19T23:02:17.732Z,undefined,16.23,few clouds
2026-06-20T04:06:53.368Z,undefined,15.67,broken clouds
2026-06-20T09:24:55.944Z,undefined,22.34,broken clouds
2026-06-20T12:00:06.968Z,undefined,22.89,broken clouds
2026-06-20T14:26:13.531Z,undefined,24,overcast clouds
2026-06-20T17:38:34.110Z,undefined,21.78,overcast clouds
2026-06-20T19:43:14.572Z,undefined,19.56,overcast clouds
2026-06-20T21:21:43.981Z,undefined,18.45,overcast clouds
2026-06-20T23:13:13.287Z,undefined,17.34,overcast clouds
2026-06-21T04:48:04.612Z,undefined,16.78,clear sky
2026-06-21T09:56:31.858Z,undefined,22.89,clear sky
2026-06-21T12:14:38.012Z,undefined,25.11,clear sky
2026-06-21T15:57:07.101Z,undefined,25.11,clear sky
2026-06-21T17:46:27.325Z,undefined,22.89,scattered clouds
2026-06-21T19:49:45.623Z,undefined,20.69,scattered clouds
2026-06-21T21:19:42.813Z,undefined,19,few clouds
2026-06-21T23:20:00.961Z,undefined,16.25,few clouds
2026-06-22T04:55:57.877Z,undefined,17.34,clear sky
2026-06-22T12:12:47.742Z,undefined,25.11,clear sky
2026-06-22T18:14:04.047Z,undefined,18.33,clear sky
2026-06-22T22:07:22.288Z,undefined,17.34,clear sky
2026-06-23T03:57:36.243Z,undefined,14.56,clear sky
2026-06-23T07:55:27.163Z,undefined,20.67,clear sky
2026-06-23T11:22:29.112Z,undefined,25.67,clear sky
2026-06-23T15:11:25.514Z,undefined,27.34,clear sky
2026-06-23T18:02:01.739Z,undefined,21.8,clear sky
2026-06-23T21:45:17.858Z,undefined,20.11,clear sky
2026-06-23T23:11:19.827Z,undefined,18.45,clear sky
2026-06-24T03:59:36.026Z,undefined,16.78,clear sky
2026-06-24T07:51:23.614Z,undefined,22.89,clear sky
2026-06-24T10:54:53.494Z,undefined,26.78,clear sky
2026-06-24T14:40:20.562Z,undefined,29,clear sky
2026-06-24T17:59:43.756Z,undefined,23.47,few clouds
2026-06-24T20:01:05.769Z,undefined,22.89,clear sky
2026-06-24T23:08:14.951Z,undefined,20.67,clear sky
2026-06-25T03:59:48.022Z,undefined,17.89,clear sky
2026-06-25T07:52:15.917Z,undefined,24.56,clear sky
2026-06-25T10:46:59.670Z,undefined,27.89,clear sky
2026-06-25T14:40:39.944Z,undefined,27.91,broken clouds
2026-06-25T18:14:15.333Z,undefined,24.02,broken clouds
2026-06-25T21:47:31.154Z,undefined,19.77,clear sky
2026-06-25T23:21:54.603Z,undefined,20.67,clear sky
2026-06-26T04:06:56.183Z,undefined,19,clear sky
2026-06-26T09:35:19.203Z,undefined,27.34,clear sky
2026-06-26T12:14:41.141Z,undefined,29,clear sky
2026-06-26T16:20:28.400Z,undefined,27.89,few clouds
2026-06-26T19:56:25.651Z,undefined,22.34,clear sky
2026-06-26T21:24:45.832Z,undefined,21.23,clear sky
2026-06-26T23:11:45.501Z,undefined,20.11,clear sky
2026-06-27T03:53:09.219Z,undefined,17.89,clear sky
2026-06-27T06:56:35.080Z,undefined,21.78,clear sky
2026-06-27T10:13:08.087Z,undefined,25.67,clear sky
2026-06-27T13:52:27.625Z,undefined,27.34,clear sky
2026-06-27T15:19:07.771Z,undefined,26.23,clear sky
2026-06-27T17:15:41.609Z,undefined,24.56,few clouds
2026-06-27T19:27:03.622Z,undefined,21.78,clear sky
2026-06-27T21:09:55.267Z,undefined,20.11,clear sky
2026-06-27T23:07:45.098Z,undefined,18.45,clear sky
2026-06-28T04:15:06.783Z,undefined,16.23,clear sky
2026-06-28T09:17:13.080Z,undefined,24,clear sky
2026-06-28T11:48:52.326Z,undefined,25.11,clear sky
2026-06-28T13:57:18.800Z,undefined,26.23,clear sky
2026-06-28T15:22:31.189Z,undefined,26.23,clear sky
2026-06-28T17:18:09.315Z,undefined,24.56,clear sky
2026-06-28T19:27:35.381Z,undefined,21.78,clear sky
2026-06-28T21:07:08.287Z,undefined,20.11,clear sky
2026-06-28T23:08:25.052Z,undefined,18.45,clear sky
2026-06-29T04:22:02.849Z,undefined,17.89,clear sky
2026-06-29T11:08:40.970Z,undefined,26.78,clear sky
2026-06-29T15:54:37.374Z,undefined,28.45,clear sky
2026-06-29T18:10:52.959Z,undefined,25.13,clear sky
2026-06-29T21:38:10.061Z,undefined,22.34,clear sky
2026-06-29T23:02:19.908Z,undefined,21.23,clear sky
2026-06-30T04:02:04.908Z,undefined,20.11,clear sky
2026-06-30T09:47:15.980Z,undefined,28.45,clear sky
2026-06-30T12:13:15.519Z,undefined,31.23,clear sky
2026-06-30T16:24:09.221Z,undefined,30.11,clear sky
2026-06-30T20:04:18.635Z,undefined,22.36,clear sky
2026-06-30T23:16:51.356Z,undefined,22.34,clear sky
2026-07-01T04:18:03.303Z,undefined,21.23,clear sky
2026-07-01T09:57:15.332Z,undefined,29,clear sky
2026-07-01T12:40:25.106Z,undefined,31.23,clear sky
2026-07-01T16:29:21.737Z,undefined,30.67,clear sky
2026-07-01T20:02:01.192Z,undefined,21.8,clear sky
2026-07-01T23:19:19.780Z,undefined,22.34,clear sky
2026-07-02T03:57:58.499Z,undefined,20.67,clear sky
2026-07-02T07:38:27.879Z,undefined,28.45,clear sky
2026-07-02T10:45:22.848Z,undefined,32.34,clear sky
2026-07-02T14:11:22.997Z,undefined,33.45,clear sky
2026-07-02T17:53:35.160Z,undefined,26.8,few clouds
2026-07-02T19:37:37.920Z,undefined,26.78,broken clouds
2026-07-02T21:13:17.620Z,undefined,26.23,broken clouds
2026-07-02T23:12:14.928Z,undefined,24.56,broken clouds
2026-07-03T03:40:55.451Z,undefined,21.78,scattered clouds
2026-07-03T07:26:09.832Z,undefined,26.23,few clouds
2026-07-03T10:41:31.531Z,undefined,29.56,scattered clouds
2026-07-03T14:18:53.738Z,undefined,31.78,clear sky
2026-07-03T17:37:01.183Z,undefined,23.21,clear sky
2026-07-03T19:35:30.293Z,undefined,24.56,clear sky
2026-07-03T21:12:12.879Z,undefined,22.89,clear sky
2026-07-03T23:08:58.063Z,undefined,20.67,clear sky
2026-07-04T03:34:04.754Z,undefined,19.56,clear sky
2026-07-04T06:50:03.320Z,undefined,23.45,clear sky
2026-07-04T10:14:59.511Z,undefined,27.89,clear sky
2026-07-04T13:42:54.277Z,undefined,28.45,broken clouds
2026-07-04T15:09:14.804Z,undefined,27.89,broken clouds
2026-07-04T17:11:37.499Z,undefined,24,broken clouds
2026-07-04T19:20:45.366Z,undefined,22.34,scattered clouds
2026-07-04T21:02:43.265Z,undefined,21.23,scattered clouds
2026-07-04T23:00:52.991Z,undefined,19.56,scattered clouds
2026-07-05T03:52:32.464Z,undefined,19,clear sky
2026-07-05T07:31:24.577Z,undefined,21.78,broken clouds
2026-07-05T10:20:16.773Z,undefined,23.45,broken clouds
2026-07-05T13:49:30.416Z,undefined,25.11,overcast clouds
2026-07-05T15:16:27.257Z,undefined,24,overcast clouds
2026-07-05T17:16:16.415Z,undefined,22.89,overcast clouds
2026-07-05T19:24:04.395Z,undefined,20.67,overcast clouds
2026-07-05T21:06:48.131Z,undefined,19.56,broken clouds
2026-07-05T23:05:04.082Z,undefined,17.89,scattered clouds
2026-07-06T03:59:31.998Z,undefined,16.78,overcast clouds
2026-07-06T08:38:44.287Z,undefined,24,clear sky
2026-07-06T13:50:15.556Z,undefined,26.78,scattered clouds
2026-07-06T16:53:36.337Z,undefined,24,scattered clouds
2026-07-06T20:03:48.994Z,undefined,21.23,clear sky
2026-07-06T23:12:02.052Z,undefined,19,clear sky
2026-07-07T03:50:27.566Z,undefined,17.34,scattered clouds
2026-07-07T07:43:41.137Z,undefined,24,clear sky
2026-07-07T11:12:28.154Z,undefined,26.23,clear sky
2026-07-07T14:46:38.161Z,undefined,27.34,scattered clouds
2026-07-07T18:03:49.246Z,undefined,24.56,scattered clouds
2026-07-07T21:27:25.155Z,undefined,21.23,clear sky
2026-07-07T23:05:42.489Z,undefined,20.11,clear sky
2026-07-08T03:17:28.338Z,undefined,17.89,clear sky
2026-07-08T06:31:47.966Z,undefined,21.78,clear sky
2026-07-08T10:22:55.232Z,undefined,26.23,clear sky
2026-07-08T14:24:52.995Z,undefined,29,clear sky
2026-07-08T17:41:29.576Z,undefined,23.47,clear sky
2026-07-08T19:39:21.507Z,undefined,20.13,clear sky
2026-07-08T21:12:14.667Z,undefined,22.34,clear sky
2026-07-08T23:12:11.993Z,undefined,20.67,clear sky
2026-07-09T03:42:07.661Z,undefined,18.45,clear sky
2026-07-09T11:13:08.020Z,undefined,30.11,clear sky
2026-07-09T15:18:58.555Z,undefined,30.67,clear sky
2026-07-09T17:59:54.536Z,undefined,25.69,few clouds
2026-07-09T19:59:55.562Z,undefined,24,broken clouds
2026-07-09T21:38:40.232Z,undefined,21.23,scattered clouds
2026-07-09T23:16:18.650Z,undefined,20.67,scattered clouds
2026-07-10T03:44:17.063Z,undefined,19,clear sky
2026-07-10T07:40:06.876Z,undefined,23.45,clear sky
2026-07-10T11:08:43.270Z,undefined,27.34,clear sky
2026-07-10T14:37:10.141Z,undefined,28.45,clear sky
2026-07-10T17:50:02.445Z,undefined,24.02,scattered clouds
2026-07-10T19:38:37.383Z,undefined,22.34,clear sky
2026-07-10T21:09:21.440Z,undefined,21.23,clear sky
2026-07-10T23:01:45.067Z,undefined,19.56,clear sky
2026-07-11T02:57:23.025Z,undefined,17.89,clear sky
2026-07-11T06:17:29.846Z,undefined,20.67,clear sky
2026-07-11T09:41:40.623Z,undefined,26.23,clear sky
2026-07-11T11:09:07.995Z,undefined,27.89,clear sky
2026-07-11T13:36:17.760Z,undefined,29,clear sky
2026-07-11T14:58:19.204Z,undefined,30.11,clear sky
2026-07-11T17:02:11.596Z,undefined,25.13,clear sky
2026-07-11T19:10:25.873Z,undefined,19.02,clear sky
2026-07-11T20:55:18.331Z,undefined,17.91,clear sky
2026-07-11T22:55:16.974Z,undefined,16.25,clear sky
2026-07-12T03:23:03.297Z,undefined,18.45,clear sky
2026-07-12T06:38:13.013Z,undefined,22.89,clear sky
2026-07-12T09:54:12.258Z,undefined,28.45,clear sky
2026-07-12T11:14:12.415Z,undefined,29.56,clear sky
2026-07-12T13:36:24.520Z,undefined,30.67,clear sky
2026-07-12T15:00:37.728Z,undefined,30.67,clear sky
2026-07-12T17:03:20.664Z,undefined,26.8,clear sky
2026-07-12T19:11:05.468Z,undefined,21.8,clear sky
2026-07-12T20:58:42.719Z,undefined,24,clear sky
2026-07-12T22:54:35.169Z,undefined,21.78,clear sky
2026-07-13T03:26:32.453Z,undefined,20.11,clear sky
2026-07-13T07:24:47.137Z,undefined,26.78,clear sky
2026-07-13T11:17:04.549Z,undefined,30.67,clear sky
2026-07-13T14:44:13.968Z,undefined,31.78,clear sky
2026-07-13T17:57:50.283Z,undefined,27.34,clear sky
2026-07-13T19:40:39.001Z,undefined,25.11,clear sky
2026-07-13T21:00:11.656Z,undefined,24,clear sky
2026-07-13T22:58:08.848Z,undefined,21.78,clear sky
2026-07-14T02:49:13.941Z,undefined,19,scattered clouds
2026-07-14T06:14:54.706Z,undefined,21.23,scattered clouds
2026-07-14T10:02:14.637Z,undefined,26.23,clear sky
2026-07-14T13:54:23.837Z,undefined,27.89,clear sky
2026-07-14T15:25:54.156Z,undefined,26.23,few clouds
2026-07-14T17:18:17.896Z,undefined,22.89,clear sky
2026-07-14T19:25:28.687Z,undefined,21.23,clear sky
2026-07-14T21:03:41.488Z,undefined,19.56,clear sky
2026-07-14T22:59:45.339Z,undefined,17.89,clear sky
2026-07-15T02:47:52.597Z,undefined,16.23,clear sky
2026-07-15T06:18:29.713Z,undefined,20.11,clear sky
2026-07-15T10:06:43.501Z,undefined,25.67,clear sky
2026-07-15T13:51:19.039Z,undefined,28.45,clear sky
2026-07-15T15:36:44.769Z,undefined,29,few clouds
2026-07-15T17:21:09.323Z,undefined,26.78,few clouds
2026-07-15T19:17:29.721Z,undefined,24,clear sky
2026-07-15T21:03:52.836Z,undefined,22.34,clear sky
2026-07-15T23:00:25.761Z,undefined,20.11,clear sky
2026-07-16T02:54:20.711Z,undefined,18.45,clear sky
2026-07-16T06:22:11.258Z,undefined,22.34,clear sky
2026-07-16T10:13:34.471Z,undefined,27.34,clear sky
2026-07-16T14:02:36.740Z,undefined,29,clear sky
2026-07-16T17:22:46.134Z,undefined,27.34,clear sky
2026-07-16T19:18:32.844Z,undefined,24.56,clear sky
2026-07-16T21:05:27.548Z,undefined,22.34,clear sky
2026-07-16T23:00:41.513Z,undefined,20.67,clear sky
2026-07-17T02:56:55.158Z,undefined,19,clear sky
2026-07-17T06:20:31.780Z,undefined,21.78,clear sky
2026-07-17T10:02:13.652Z,undefined,26.23,scattered clouds
2026-07-17T13:47:14.113Z,undefined,28.45,scattered clouds
2026-07-17T15:16:36.418Z,undefined,27.89,scattered clouds
2026-07-17T17:15:54.017Z,undefined,26.23,few clouds
2026-07-17T19:16:29.381Z,undefined,24.56,scattered clouds
2026-07-17T20:59:52.459Z,undefined,22.34,broken clouds
2026-07-17T22:53:07.312Z,undefined,21.23,broken clouds
2026-07-18T02:49:20.265Z,undefined,19,clear sky
2026-07-18T06:08:17.498Z,undefined,22.89,clear sky
2026-07-18T09:37:23.199Z,undefined,26.23,clear sky
2026-07-18T11:07:25.412Z,undefined,27.34,clear sky
2026-07-18T13:24:42.926Z,undefined,29,few clouds
2026-07-18T14:58:07.202Z,undefined,29,scattered clouds
2026-07-18T17:01:51.725Z,undefined,27.89,broken clouds
2026-07-18T19:10:31.155Z,undefined,25.67,broken clouds
2026-07-18T20:54:51.391Z,undefined,23.45,scattered clouds
2026-07-18T22:54:50.088Z,undefined,22.34,scattered clouds
2026-07-19T03:19:32.275Z,undefined,19.56,clear sky
2026-07-19T06:33:54.282Z,undefined,24,clear sky
2026-07-19T09:54:59.392Z,undefined,29.56,clear sky
2026-07-19T11:11:45.183Z,undefined,29.56,clear sky
2026-07-19T13:26:09.936Z,undefined,30.67,clear sky
2026-07-19T15:00:07.576Z,undefined,31.23,clear sky
2026-07-19T17:01:43.604Z,undefined,30.67,clear sky
2026-07-19T19:11:43.107Z,undefined,22.91,clear sky
2026-07-19T20:55:35.808Z,undefined,25.67,clear sky
2026-07-19T22:56:27.944Z,undefined,24,clear sky
2026-07-20T03:33:35.687Z,undefined,21.23,clear sky
2026-07-20T06:51:04.925Z,undefined,27.34,clear sky
2026-07-20T10:56:28.740Z,undefined,32.34,clear sky
2026-07-20T14:15:41.714Z,undefined,32.89,clear sky
2026-07-20T18:07:51.640Z,undefined,28.45,clear sky
2026-07-20T21:14:42.581Z,undefined,25.11,clear sky
2026-07-20T23:03:33.865Z,undefined,23.45,clear sky
2026-07-21T03:14:42.557Z,undefined,21.23,clear sky
2026-07-21T06:32:47.677Z,undefined,25.11,clear sky
2026-07-21T10:27:43.982Z,undefined,30.67,clear sky
2026-07-21T14:02:28.702Z,undefined,32.34,clear sky
2026-07-21T17:24:58.561Z,undefined,28.45,clear sky
2026-07-21T19:36:51.576Z,undefined,23.47,clear sky
2026-07-21T21:14:26.490Z,undefined,21.25,clear sky
2026-07-21T23:00:57.007Z,undefined,21.25,clear sky
2026-07-22T02:57:19.373Z,undefined,20.11,clear sky
2026-07-22T06:32:53.768Z,undefined,24,clear sky
2026-07-22T10:29:12.038Z,undefined,29.56,clear sky
2026-07-22T14:05:29.419Z,undefined,31.23,clear sky
2026-07-22T17:24:05.397Z,undefined,29,clear sky
2026-07-22T19:26:47.517Z,undefined,24.58,clear sky
2026-07-22T21:13:04.529Z,undefined,25.11,clear sky
2026-07-22T23:08:38.915Z,undefined,24,clear sky
2026-07-23T03:19:14.263Z,undefined,21.23,clear sky
2026-07-23T06:33:01.663Z,undefined,24,clear sky
2026-07-23T10:26:46.898Z,undefined,27.89,scattered clouds
2026-07-23T14:10:51.543Z,undefined,28.45,few clouds
2026-07-23T17:26:30.374Z,undefined,24,clear sky
2026-07-23T19:23:43.458Z,undefined,20.67,clear sky
2026-07-23T21:08:33.306Z,undefined,19,clear sky
2026-07-23T23:00:13.014Z,undefined,17.89,clear sky
2026-07-24T03:13:08.580Z,undefined,13.39,clear sky
2026-07-24T06:29:06.986Z,undefined,19.56,clear sky
2026-07-24T10:23:02.332Z,undefined,25.11,broken clouds
2026-07-24T13:53:01.152Z,undefined,26.23,clear sky
2026-07-24T15:27:15.462Z,undefined,26.23,clear sky
2026-07-24T17:40:31.074Z,undefined,22.34,light rain
2026-07-24T19:35:10.466Z,undefined,17.89,overcast clouds
2026-07-24T21:07:47.571Z,undefined,17.89,overcast clouds
2026-07-24T23:04:09.280Z,undefined,18.45,broken clouds
2026-07-25T03:11:20.045Z,undefined,16.78,overcast clouds
2026-07-25T06:20:39.520Z,undefined,15.13,light rain
2026-07-25T09:53:00.511Z,undefined,19.58,light rain
2026-07-25T11:14:15.973Z,undefined,19.8,light rain
2026-07-25T13:43:34.327Z,undefined,18.47,overcast clouds
2026-07-25T15:07:00.499Z,undefined,16.25,overcast clouds
2026-07-25T17:03:14.781Z,undefined,15.67,light rain
2026-07-25T19:13:55.404Z,undefined,15.67,overcast clouds
2026-07-25T20:57:13.532Z,undefined,15.11,overcast clouds
2026-07-25T22:58:15.341Z,undefined,14.56,overcast clouds
2026-07-26T03:24:08.864Z,undefined,14.56,overcast clouds
2026-07-26T06:39:56.365Z,undefined,18.45,clear sky
2026-07-26T10:03:58.033Z,undefined,21.78,clear sky
2026-07-26T13:38:06.364Z,undefined,24.56,broken clouds
2026-07-26T15:08:47.013Z,undefined,24.56,scattered clouds
2026-07-26T17:06:42.978Z,undefined,23.45,scattered clouds
2026-07-26T19:17:14.395Z,undefined,19.56,clear sky
2026-07-26T21:02:00.965Z,undefined,18.45,clear sky
2026-07-26T23:01:32.797Z,undefined,16.78,clear sky
2026-07-27T03:33:53.079Z,undefined,15.11,clear sky
2026-07-27T07:36:50.709Z,undefined,21.78,clear sky
2026-07-27T11:29:11.029Z,undefined,26.23,clear sky
2026-07-27T14:45:02.899Z,undefined,28.45,clear sky
2026-07-27T17:45:39.819Z,undefined,25.11,clear sky
2026-07-27T19:40:34.119Z,undefined,24.56,clear sky
2026-07-27T21:15:12.052Z,undefined,23.45,clear sky
2026-07-27T23:06:29.105Z,undefined,21.23,clear sky
2026-07-28T02:49:54.839Z,undefined,19.56,clear sky
2026-07-28T06:30:16.347Z,undefined,22.89,clear sky
2026-07-28T10:39:13.361Z,undefined,29.56,clear sky
2026-07-28T14:19:44.020Z,undefined,29,few clouds
2026-07-28T17:38:05.383Z,undefined,25.11,scattered clouds
2026-07-28T19:38:12.754Z,undefined,22.89,clear sky
2026-07-28T21:11:57.066Z,undefined,21.78,clear sky
2026-07-28T23:03:27.360Z,undefined,20.67,clear sky
2026-07-29T02:56:46.638Z,undefined,18.45,clear sky
2026-07-29T06:35:11.093Z,undefined,20.67,clear sky
2026-07-29T10:42:36.771Z,undefined,26.78,clear sky
2026-07-29T14:19:50.561Z,undefined,27.89,clear sky
2026-07-29T17:18:52.525Z,undefined,24,clear sky
2026-07-29T19:22:51.566Z,undefined,20.67,clear sky
2026-07-29T21:00:26.861Z,undefined,18.45,clear sky
2026-07-29T23:00:48.129Z,undefined,16.23,clear sky
2026-07-30T02:42:06.405Z,undefined,14,clear sky
2026-07-30T06:31:59.161Z,undefined,17.89,clear sky
2026-07-30T10:28:55.178Z,undefined,23.45,clear sky
2026-07-30T14:11:22.901Z,undefined,26.23,clear sky
2026-07-30T17:39:36.180Z,undefined,21.78,clear sky
2026-07-30T19:39:14.370Z,undefined,18.45,clear sky
2026-07-30T21:15:10.120Z,undefined,17.34,clear sky
2026-07-30T23:11:31.327Z,undefined,16.23,clear sky
2026-07-31T03:24:11.335Z,undefined,15.11,clear sky
2026-07-31T06:48:30.733Z,undefined,18.45,clear sky
2026-07-31T10:42:49.126Z,undefined,24.58,clear sky
2026-07-31T14:18:20.972Z,undefined,25.67,clear sky
2026-07-31T17:42:53.207Z,undefined,21.23,clear sky
2026-07-31T19:40:10.566Z,undefined,19.56,clear sky
2026-07-31T21:10:28.498Z,undefined,18.45,clear sky
2026-07-31T23:05:21.296Z,undefined,17.34,clear sky
2026-08-01T03:22:45.747Z,undefined,15.67,clear sky
2026-08-01T06:33:09.420Z,undefined,20.11,clear sky
2026-08-01T10:02:51.303Z,undefined,24.56,clear sky
2026-08-01T13:36:28.771Z,undefined,27.34,clear sky
2026-08-01T15:03:51.789Z,undefined,26.78,clear sky
2026-08-01T17:04:11.856Z,undefined,25.67,clear sky
2026-08-01T19:14:38.464Z,undefined,22.89,clear sky
2026-08-01T20:58:18.111Z,undefined,21.78,clear sky
2026-08-01T22:57:59.947Z,undefined,20.11,clear sky
2026-08-02T03:22:38.725Z,undefined,17.89,clear sky
2026-08-02T06:37:07.883Z,undefined,22.34,clear sky
2026-08-02T10:00:30.380Z,undefined,27.34,clear sky
2026-08-02T13:37:04.525Z,undefined,31.23,clear sky
2026-08-02T15:05:39.434Z,undefined,31.23,clear sky
2026-08-02T17:04:33.520Z,undefined,30.11,clear sky
2026-08-02T19:16:38.196Z,undefined,26.78,few clouds
2026-08-02T20:59:58.862Z,undefined,25.11,clear sky
2026-08-02T22:58:38.442Z,undefined,23.45,clear sky
2026-08-03T03:24:33.932Z,undefined,21.23,clear sky
2026-08-03T07:31:44.923Z,undefined,27.34,clear sky
2026-08-03T11:29:30.127Z,undefined,32.34,clear sky
2026-08-03T14:48:15.508Z,undefined,32.34,clear sky
2026-08-03T17:54:56.859Z,undefined,27.34,clear sky
2026-08-03T19:42:50.866Z,undefined,25.11,clear sky
2026-08-03T21:08:08.275Z,undefined,24,clear sky
2026-08-03T23:05:33.601Z,undefined,22.34,clear sky
2026-08-04T02:53:10.523Z,undefined,20.11,clear sky
2026-08-04T06:30:33.127Z,undefined,24,clear sky
2026-08-04T10:43:19.071Z,undefined,30.11,clear sky
2026-08-04T14:25:12.121Z,undefined,32.34,clear sky
2026-08-04T17:51:49.276Z,undefined,26.78,clear sky
2026-08-04T19:41:45.533Z,undefined,24,clear sky
2026-08-04T21:15:21.302Z,undefined,22.89,clear sky
2026-08-04T23:05:56.307Z,undefined,21.23,clear sky
2026-08-05T02:50:02.472Z,undefined,19.56,clear sky
2026-08-05T06:31:19.067Z,undefined,23.45,clear sky
2026-08-05T10:40:27.114Z,undefined,29.56,clear sky
2026-08-05T14:19:04.811Z,undefined,31.78,clear sky
2026-08-05T17:43:59.955Z,undefined,28.45,few clouds
2026-08-05T19:41:06.991Z,undefined,26.23,clear sky
2026-08-05T21:15:24.378Z,undefined,24.56,clear sky
2026-08-05T23:03:45.381Z,undefined,22.89,clear sky
2026-08-06T02:53:16.399Z,undefined,20.67,clear sky
2026-08-06T06:34:51.433Z,undefined,24.56,clear sky
2026-08-06T10:42:57.730Z,undefined,30.11,clear sky
2026-08-06T14:22:04.644Z,undefined,32.34,clear sky
2026-08-07T00:05:26.553Z,undefined,22.89,few clouds
2026-08-07T04:28:22.666Z,undefined,20.67,clear sky
2026-08-07T07:22:00.248Z,undefined,26.78,clear sky
2026-08-07T09:03:29.711Z,undefined,29,clear sky
2026-08-07T10:56:19.695Z,undefined,31.23,clear sky
2026-08-07T13:12:38.273Z,undefined,32.34,clear sky
2026-08-07T14:56:18.666Z,undefined,32.34,clear sky
2026-08-07T16:56:57.958Z,undefined,30.67,clear sky
2026-08-07T19:02:24.912Z,undefined,26.78,clear sky
2026-08-07T20:45:53.717Z,undefined,25.67,clear sky
2026-08-07T22:40:20.580Z,undefined,24.56,clear sky
2026-08-08T01:54:05.433Z,undefined,22.34,clear sky
2026-08-08T03:36:44.621Z,undefined,21.23,clear sky
2026-08-08T05:01:17.577Z,undefined,22.34,clear sky
2026-08-08T06:59:34.178Z,undefined,25.67,few clouds
2026-08-08T08:47:38.841Z,undefined,29.56,clear sky
2026-08-08T10:37:23.714Z,undefined,31.23,clear sky
2026-08-08T12:55:59.762Z,undefined,31.78,clear sky
2026-08-08T14:35:04.757Z,undefined,32.34,clear sky
2026-08-08T16:38:14.735Z,undefined,30.67,clear sky
2026-08-08T18:42:41.849Z,undefined,26.78,clear sky
2026-08-08T20:34:27.239Z,undefined,25.11,clear sky
2026-08-08T22:33:13.615Z,undefined,23.45,clear sky
2026-08-09T02:01:39.511Z,undefined,21.23,clear sky
2026-08-09T05:09:46.447Z,undefined,21.78,clear sky
2026-08-09T07:02:06.228Z,undefined,25.11,clear sky
2026-08-09T08:48:47.184Z,undefined,27.89,clear sky
2026-08-09T10:38:45.189Z,undefined,30.11,clear sky
2026-08-09T12:58:37.015Z,undefined,31.23,broken clouds
2026-08-09T14:38:19.479Z,undefined,34.61,broken clouds
2026-08-09T16:39:49.567Z,undefined,29.56,broken clouds
2026-08-09T18:46:54.354Z,undefined,25.67,few clouds
2026-08-09T20:36:57.842Z,undefined,24,clear sky
2026-08-09T22:35:15.358Z,undefined,22.89,clear sky
2026-08-10T02:06:04.665Z,undefined,21.23,clear sky
2026-08-10T05:36:29.768Z,undefined,22.34,clear sky
2026-08-10T07:48:28.880Z,undefined,26.23,clear sky
2026-08-10T09:26:32.135Z,undefined,27.89,clear sky
2026-08-10T11:11:47.313Z,undefined,30.11,clear sky
2026-08-10T13:17:33.827Z,undefined,31.23,broken clouds
2026-08-10T15:02:21.778Z,undefined,30.11,few clouds
2026-08-10T16:57:00.577Z,undefined,28.45,few clouds
2026-08-10T19:02:17.375Z,undefined,25.67,clear sky
2026-08-10T20:47:55.060Z,undefined,24.56,clear sky
2026-08-10T22:41:29.528Z,undefined,23.45,clear sky
2026-08-11T02:01:15.860Z,undefined,21.23,clear sky
2026-08-11T05:13:09.239Z,undefined,22.34,clear sky
2026-08-11T07:13:58.514Z,undefined,25.11,clear sky
2026-08-11T09:02:26.355Z,undefined,28.45,clear sky
2026-08-11T10:53:19.674Z,undefined,29.56,clear sky
2026-08-11T13:14:23.020Z,undefined,31.23,clear sky
2026-08-11T15:01:31.105Z,undefined,30.67,clear sky
2026-08-11T17:00:25.379Z,undefined,29,clear sky
2026-08-11T19:06:52.852Z,undefined,26.78,clear sky
2026-08-11T20:50:27.837Z,undefined,25.11,clear sky
2026-08-11T22:48:33.411Z,undefined,23.45,clear sky
2026-08-12T02:16:41.215Z,undefined,21.78,clear sky
2026-08-12T05:39:43.637Z,undefined,22.89,clear sky
2026-08-12T07:38:25.870Z,undefined,26.23,clear sky
2026-08-12T09:14:52.422Z,undefined,29,clear sky
2026-08-12T11:02:03.751Z,undefined,30.67,clear sky
2026-08-12T13:17:57.294Z,undefined,31.23,clear sky
2026-08-12T15:00:44.083Z,undefined,31.78,clear sky
2026-08-12T16:59:34.500Z,undefined,29.56,clear sky
2026-08-12T19:05:51.880Z,undefined,26.78,clear sky
2026-08-12T20:50:37.273Z,undefined,24.68,clear sky
2026-08-12T22:45:32.469Z,undefined,22.89,clear sky
2026-08-13T02:20:21.319Z,undefined,20.11,clear sky
2026-08-13T05:42:46.621Z,undefined,22.34,clear sky
2026-08-13T07:39:56.035Z,undefined,25.17,clear sky
